Do_Number,So_Number,Invoice_Number,Weight,CBM,Location_Code
300000,300000,300000,77.1,0.022134,SHTP-0165
300001,300001,300001,22.16,0.016538,SHTP-0093
300002,300002,300002,12.85,0.022134,SHTP-0093
300003,300003,300003,132.1,0.033592,SHTP-0093
300004,300004,300004,8.31,0.016538,SHTP-0093
300005,300005,300005,43.95,0.025639,SHTP-0093
300006,300006,300006,38.78,0.016538,SHTP-0093
300007,300007,300007,7.95,0.01134,SHTP-0093
300008,300008,300008,2.65,0.01134,SHTP-0093
300009,300009,300009,2.65,0.009653,SHTP-0093
300010,300010,300010,2.65,0.009653,SHTP-0093
300011,300011,300011,2.045,0.016095,SHTP-0093
300012,300012,300012,5.05,0.013006,SHTP-0093
300013,300013,300013,5.05,0.013006,SHTP-0093
300014,300014,300014,5.3,0.01134,SHTP-0093
300015,300015,300015,5.3,0.009653,SHTP-0093
300016,300016,300016,2.65,0.009653,SHTP-0093
300017,300017,300017,5.05,0.013006,SHTP-0093
300018,300018,300018,2.045,0.016095,SHTP-0093
300019,300019,300019,2.045,0.016095,SHTP-0093
300020,300020,300020,2.045,0.016095,SHTP-0093
300021,300021,300021,5.05,0.013006,SHTP-0165
300022,300022,300022,7.95,0.009653,SHTP-0165
300023,300023,300023,5.05,0.013006,SHTP-0752
300024,300024,300024,8.31,0.016538,SHTP-0752
300025,300025,300025,74.79,0.016538,SHTP-0752
300026,300026,300026,10.868,0.010583,SHTP-0752
300027,300027,300027,27.7,0.016538,SHTP-0752
300028,300028,300028,132.1,0.033592,SHTP-0752
300029,300029,300029,27.7,0.016538,SHTP-0851
300030,300030,300030,38.55,0.022134,SHTP-0851
300031,300031,300031,27.7,0.016538,SHTP-0851
300032,300032,300032,82.336,0.007812,SHTP-0851
300033,300033,300033,25,0.021528,SHTP-0851
300034,300034,300034,2.65,0.005429,SHTP-0752
300035,300035,300035,4.09,0.016095,SHTP-0752
300036,300036,300036,5.05,0.013006,SHTP-0752
300037,300037,300037,7.95,0.009653,SHTP-0752
300038,300038,300038,7.95,0.009653,SHTP-0752
300039,300039,300039,10.1,0.013006,SHTP-0752
300040,300040,300040,5.05,0.013006,SHTP-0752
300041,300041,300041,5.3,0.01134,SHTP-0752
300042,300042,300042,31.25,0.021528,SHTP-0752
300043,300043,300043,31.25,0.021528,SHTP-0752
300044,300044,300044,2.65,0.005429,SHTP-0752
300045,300045,300045,4.09,0.016095,SHTP-0752
300046,300046,300046,25,0.021528,SHTP-0851
300047,300047,300047,4.09,0.016095,SHTP-0752
300048,300048,300048,4.09,0.016095,SHTP-0752
300049,300049,300049,7.95,0.009653,SHTP-0752
300050,300050,300050,7.95,0.009653,SHTP-0752
300051,300051,300051,5.3,0.009653,SHTP-0752
300052,300052,300052,5.3,0.009653,SHTP-0752
300053,300053,300053,5.3,0.01134,SHTP-0752
300054,300054,300054,4.09,0.016095,SHTP-0165
300055,300055,300055,7.95,0.009653,SHTP-0165
300056,300056,300056,4.09,0.016095,SHTP-0165
300057,300057,300057,10.6,0.01134,SHTP-0165
300058,300058,300058,5.05,0.013006,SHTP-0165
300059,300059,300059,2.65,0.01134,SHTP-0165
300060,300060,300060,18.75,0.021528,SHTP-0165
300061,300061,300061,4.09,0.016095,SHTP-0165
300062,300062,300062,7.95,0.009653,SHTP-0165
300063,300063,300063,5.3,0.009653,SHTP-0165
300064,300064,300064,18.75,0.021528,SHTP-0165
300065,300065,300065,7.95,0.009653,SHTP-0165
300066,300066,300066,5.3,0.009653,SHTP-0165
300067,300067,300067,10.1,0.013006,SHTP-0165
300068,300068,300068,5.05,0.013006,SHTP-0165
300069,300069,300069,5.3,0.01134,SHTP-0165
300070,300070,300070,2.65,0.01134,SHTP-0165
300071,300071,300071,5.05,0.013006,SHTP-0165
300072,300072,300072,10.1,0.013006,SHTP-0165
300073,300073,300073,5.54,0.016538,SHTP-0165
300074,300074,300074,29.3,0.025639,SHTP-0165
300075,300075,300075,49.86,0.016538,SHTP-0165
300076,300076,300076,64.25,0.022134,SHTP-0165
300077,300077,300077,16.62,0.016538,SHTP-0165
300078,300078,300078,7.95,0.009653,SHTP-0645
300079,300079,300079,5.3,0.009653,SHTP-0645
300080,300080,300080,5.3,0.009653,SHTP-0645
300081,300081,300081,10.6,0.01134,SHTP-0823
300082,300082,300082,20.2,0.013006,SHTP-0823
300083,300083,300083,10.1,0.013006,SHTP-0823
300084,300084,300084,10.1,0.013006,SHTP-0823
300085,300085,300085,10.6,0.009653,SHTP-0823
300086,300086,300086,5.3,0.005429,SHTP-0823
300087,300087,300087,5.3,0.005429,SHTP-0823
300088,300088,300088,15.9,0.009653,SHTP-0823
300089,300089,300089,56.25,0.021528,SHTP-0823
300090,300090,300090,10.6,0.01134,SHTP-0823
300091,300091,300091,10.1,0.013006,SHTP-0823
300092,300092,300092,10.1,0.013006,SHTP-0823
300093,300093,300093,13.25,0.009653,SHTP-0823
300094,300094,300094,13.25,0.009653,SHTP-0823
300095,300095,300095,13.25,0.009653,SHTP-0823
300096,300096,300096,15.9,0.009653,SHTP-0823
300097,300097,300097,13.25,0.009653,SHTP-0823
300098,300098,300098,56.25,0.021528,SHTP-0823
300099,300099,300099,4.09,0.016095,SHTP-0700
300300,300300,300300,4.09,0.016095,SHTP-0700
300101,300101,300101,10.1,0.013006,SHTP-0700
300102,300102,300102,18.55,0.009653,SHTP-0700
300103,300103,300103,39.75,0.009653,SHTP-0700
300104,300104,300104,39.75,0.009653,SHTP-0700
300105,300105,300105,13.25,0.009653,SHTP-0700
300106,300106,300106,62.5,0.021528,SHTP-0700
300107,300107,300107,41.55,0.016538,SHTP-0645
300108,300108,300108,64.25,0.022134,SHTP-0645
300109,300109,300109,396.3,0.033592,SHTP-0645
300110,300110,300110,64.25,0.022134,SHTP-0645
300111,300111,300111,1.283333333,0.006503,SHTP-0645
300112,300112,300112,1.283333333,0.006503,SHTP-0645
300113,300113,300113,10.1,0.013006,SHTP-0645
300114,300114,300114,10.1,0.013006,SHTP-0645
300115,300115,300115,4.09,0.016095,SHTP-0645
300116,300116,300116,4.09,0.016095,SHTP-0645
300117,300117,300117,13.85,0.016538,SHTP-0645
300118,300118,300118,4.09,0.016095,SHTP-0645
300119,300119,300119,4.09,0.016095,SHTP-0645
300120,300120,300120,1.283333333,0.006503,SHTP-0645
300121,300121,300121,13.25,0.009653,SHTP-0645
300122,300122,300122,13.25,0.009653,SHTP-0645
300123,300123,300123,2.65,0.005429,SHTP-0645
300124,300124,300124,5.3,0.01134,SHTP-0061
300125,300125,300125,8.18,0.016095,SHTP-0061
300126,300126,300126,20.2,0.013006,SHTP-0070
300127,300127,300127,2.77,0.016538,SHTP-0070
300128,300128,300128,18.55,0.009653,SHTP-0070
300129,300129,300129,23.85,0.009653,SHTP-0070
300130,300130,300130,13.25,0.009653,SHTP-0070
300131,300131,300131,20.2,0.013006,SHTP-0070
300132,300132,300132,20.2,0.013006,SHTP-0070
300133,300133,300133,18.55,0.009653,SHTP-0070
300134,300134,300134,8.31,0.016538,SHTP-0070
300135,300135,300135,13.25,0.009653,SHTP-0070
300136,300136,300136,43.75,0.021528,SHTP-0070
300137,300137,300137,5.05,0.013006,SHTP-0070
300138,300138,300138,50,0.021528,SHTP-0070
300139,300139,300139,62.5,0.021528,SHTP-0700
300140,300140,300140,5.3,0.01134,SHTP-0700
300141,300141,300141,4.09,0.016095,SHTP-0700
300142,300142,300142,4.09,0.016095,SHTP-0700
300143,300143,300143,21.2,0.009653,SHTP-0700
300144,300144,300144,2.65,0.005429,SHTP-0700
300145,300145,300145,2.65,0.005429,SHTP-0700
300146,300146,300146,73.25,0.025639,SHTP-0700
300147,300147,300147,41.55,0.016538,SHTP-0700
300148,300148,300148,41.55,0.016538,SHTP-0700
300149,300149,300149,2.65,0.005429,SHTP-0645
300150,300150,300150,38.55,0.022134,SHTP-0061
300151,300151,300151,79.26,0.033592,SHTP-0817
300152,300152,300152,8.31,0.016538,SHTP-0847
300153,300153,300153,5.3,0.009653,SHTP-0847
300154,300154,300154,2.65,0.009653,SHTP-0847
300155,300155,300155,43.95,0.025639,SHTP-0847
300156,300156,300156,2.65,0.01134,SHTP-0847
300157,300157,300157,2.65,0.009653,SHTP-0847
300158,300158,300158,30.47,0.016538,SHTP-0847
300159,300159,300159,25.7,0.022134,SHTP-0847
300160,300160,300160,13.25,0.01134,SHTP-0695
300161,300161,300161,13.25,0.01134,SHTP-0695
300162,300162,300162,10.1,0.013006,SHTP-0695
300163,300163,300163,5.3,0.01134,SHTP-0695
300164,300164,300164,10.1,0.013006,SHTP-0695
300165,300165,300165,5.3,0.01134,SHTP-0695
300166,300166,300166,18.55,0.009653,SHTP-0695
300167,300167,300167,18.55,0.009653,SHTP-0695
300168,300168,300168,7.95,0.009653,SHTP-0695
300169,300169,300169,1.45,0.00603,SHTP-0695
300170,300170,300170,7.95,0.009653,SHTP-0695
300171,300171,300171,15.9,0.009653,SHTP-0695
300172,300172,300172,5.3,0.005429,SHTP-0695
300173,300173,300173,18.75,0.021528,SHTP-0695
300174,300174,300174,18.75,0.021528,SHTP-0695
300175,300175,300175,27.7,0.016538,SHTP-0817
300176,300176,300176,38.55,0.022134,SHTP-0817
300177,300177,300177,33.24,0.016538,SHTP-0817
300178,300178,300178,15.9,0.01134,SHTP-0817
300181,300181,300181,33.24,0.016538,SHTP-0679
300182,300182,300182,175.8,0.025639,SHTP-0679
300183,300183,300183,83.1,0.016538,SHTP-0679
300184,300184,300184,13.85,0.016538,SHTP-0679
300186,300186,300186,73.25,0.025639,SHTP-0061
300187,300187,300187,132.1,0.033592,SHTP-0061
300188,300188,300188,31.8,0.009653,SHTP-0061
300189,300189,300189,8.18,0.016095,SHTP-0061
300190,300190,300190,25.7,0.022134,SHTP-0061
300191,300191,300191,26.5,0.009653,SHTP-0061
300192,300192,300192,5.3,0.01134,SHTP-0061
300193,300193,300193,8.18,0.016095,SHTP-0061
300194,300194,300194,8.18,0.016095,SHTP-0061
300195,300195,300195,41.55,0.016538,SHTP-0061
300196,300196,300196,22.16,0.016538,SHTP-0061
300197,300197,300197,13.85,0.016538,SHTP-0061
300198,300198,300198,2.65,0.009653,SHTP-0242
300199,300199,300199,2.65,0.009653,SHTP-0242
300300,300300,300300,7.95,0.009653,SHTP-0242
300201,300201,300201,7.95,0.009653,SHTP-0242
300202,300202,300202,31.25,0.021528,SHTP-0242
300203,300203,300203,31.25,0.021528,SHTP-0242
300204,300204,300204,13.25,0.01134,SHTP-0242
300205,300205,300205,20.2,0.013006,SHTP-0242
300206,300206,300206,20.2,0.013006,SHTP-0242
300207,300207,300207,20.2,0.013006,SHTP-0242
300208,300208,300208,5.3,0.009653,SHTP-0678
300209,300209,300209,7.95,0.01134,SHTP-0678
300210,300210,300210,31.25,0.021528,SHTP-0678
300211,300211,300211,7.95,0.009653,SHTP-0678
300212,300212,300212,5.3,0.009653,SHTP-0678
300213,300213,300213,12.5,0.021528,SHTP-0678
300214,300214,300214,5.3,0.009653,SHTP-0678
300215,300215,300215,15.15,0.013006,SHTP-0797
300216,300216,300216,15.15,0.013006,SHTP-0797
300217,300217,300217,13.25,0.01134,SHTP-0797
300218,300218,300218,43.75,0.021528,SHTP-0797
300219,300219,300219,2.65,0.009653,SHTP-0049
300220,300220,300220,117.2,0.025639,SHTP-0049
300221,300221,300221,18.55,0.01134,SHTP-0078
300222,300222,300222,15.15,0.013006,SHTP-0078
300223,300223,300223,10.1,0.013006,SHTP-0078
300224,300224,300224,15.9,0.009653,SHTP-0078
300225,300225,300225,68.9,0.009653,SHTP-0078
300226,300226,300226,31.8,0.009653,SHTP-0078
300227,300227,300227,31.8,0.009653,SHTP-0078
300228,300228,300228,5.3,0.005429,SHTP-0078
300229,300229,300229,18.55,0.01134,SHTP-0078
300230,300230,300230,30.3,0.013006,SHTP-0078
300231,300231,300231,10.1,0.013006,SHTP-0078
300232,300232,300232,31.8,0.009653,SHTP-0078
300233,300233,300233,10.1,0.013006,SHTP-0078
300234,300234,300234,68.9,0.009653,SHTP-0078
300235,300235,300235,31.8,0.009653,SHTP-0078
300236,300236,300236,108.68,0.010583,SHTP-0078
300237,300237,300237,27.7,0.016538,SHTP-0078
300238,300238,300238,22.16,0.016538,SHTP-0078
300239,300239,300239,8.31,0.016538,SHTP-0078
300240,300240,300240,118.358,0.007812,SHTP-0078
300241,300241,300241,47.09,0.016538,SHTP-0242
300242,300242,300242,75,0.021528,SHTP-0566
300243,300243,300243,75,0.021528,SHTP-0566
300244,300244,300244,7.95,0.009653,SHTP-0566
300245,300245,300245,2.65,0.009653,SHTP-0566
300246,300246,300246,2.65,0.009653,SHTP-0566
300247,300247,300247,2.65,0.009653,SHTP-0566
300248,300248,300248,2.65,0.01134,SHTP-0566
300249,300249,300249,2.65,0.01134,SHTP-0566
300250,300250,300250,5.05,0.013006,SHTP-0566
300251,300251,300251,5.05,0.013006,SHTP-0657
300252,300252,300252,93.75,0.021528,SHTP-0657
300253,300253,300253,5.3,0.005429,SHTP-0657
300254,300254,300254,2.045,0.016095,SHTP-0657
300255,300255,300255,7.7,0.006503,SHTP-0657
300256,300256,300256,7.7,0.006503,SHTP-0657
300257,300257,300257,15.15,0.013006,SHTP-0657
300258,300258,300258,7.95,0.01134,SHTP-0657
300259,300259,300259,93.75,0.021528,SHTP-0657
300260,300260,300260,5.05,0.013006,SHTP-0657
300261,300261,300261,5.3,0.005429,SHTP-0657
300262,300262,300262,2.045,0.016095,SHTP-0657
300263,300263,300263,2.045,0.016095,SHTP-0657
300264,300264,300264,23.85,0.009653,SHTP-0657
300265,300265,300265,26.5,0.009653,SHTP-0657
300266,300266,300266,23.85,0.009653,SHTP-0657
300267,300267,300267,15.9,0.01134,SHTP-0657
300268,300268,300268,2.045,0.016095,SHTP-0657
300269,300269,300269,23.85,0.009653,SHTP-0657
300270,300270,300270,43.75,0.021528,SHTP-0797
300271,300271,300271,26.5,0.009653,SHTP-0797
300272,300272,300272,13.25,0.009653,SHTP-0797
300273,300273,300273,15.4,0.006503,SHTP-0797
300274,300274,300274,15.4,0.006503,SHTP-0797
300275,300275,300275,15.15,0.013006,SHTP-0797
300276,300276,300276,15.15,0.013006,SHTP-0797
300277,300277,300277,7.95,0.01134,SHTP-0797
300278,300278,300278,13.25,0.009653,SHTP-0797
300279,300279,300279,13.25,0.009653,SHTP-0797
300280,300280,300280,26.5,0.009653,SHTP-0797
300281,300281,300281,13.25,0.009653,SHTP-0797
300282,300282,300282,15.4,0.006503,SHTP-0797
300283,300283,300283,15.4,0.006503,SHTP-0797
300284,300284,300284,13.85,0.016538,SHTP-0797
300285,300285,300285,43.95,0.025639,SHTP-0797
300286,300286,300286,13.85,0.016538,SHTP-0242
300287,300287,300287,8.31,0.016538,SHTP-0242
300288,300288,300288,58.6,0.025639,SHTP-0242
300289,300289,300289,85.87,0.016538,SHTP-0052
300290,300290,300290,5.3,0.01134,SHTP-0046
300291,300291,300291,5.05,0.013006,SHTP-0046
300292,300292,300292,5.3,0.009653,SHTP-0046
300293,300293,300293,7.95,0.009653,SHTP-0046
300294,300294,300294,7.95,0.009653,SHTP-0046
300295,300295,300295,31.25,0.021528,SHTP-0046
300296,300296,300296,2.65,0.009653,SHTP-0046
300297,300297,300297,2.65,0.009653,SHTP-0046
300298,300298,300298,31.25,0.021528,SHTP-0046
300299,300299,300299,132.96,0.016538,SHTP-0064
300300,300300,300300,38.55,0.022134,SHTP-0064
300301,300301,300301,55.4,0.016538,SHTP-0064
300302,300302,300302,54.34,0.010583,SHTP-0064
300303,300303,300303,51.46,0.007812,SHTP-0064
300304,300304,300304,41.55,0.016538,SHTP-0064
300366,300366,300366,15.9,0.009653,SHTP-0657
300367,300367,300367,15.9,0.009653,SHTP-0657
300368,300368,300368,7.7,0.006503,SHTP-0657
300369,300369,300369,13.25,0.009653,SHTP-0064
300370,300370,300370,13.25,0.009653,SHTP-0064
300371,300371,300371,26.5,0.009653,SHTP-0064
300372,300372,300372,26.5,0.009653,SHTP-0064
300373,300373,300373,26.5,0.009653,SHTP-0064
300374,300374,300374,26.5,0.009653,SHTP-0064
300375,300375,300375,10.1,0.013006,SHTP-0064
300376,300376,300376,10.1,0.013006,SHTP-0064
300377,300377,300377,10.1,0.013006,SHTP-0064
300378,300378,300378,10.1,0.013006,SHTP-0064
300379,300379,300379,10.6,0.01134,SHTP-0064
300380,300380,300380,51.46,0.007812,SHTP-0110
300381,300381,300381,5.3,0.009653,SHTP-0163
300382,300382,300382,13.25,0.009653,SHTP-0163
300383,300383,300383,55.4,0.016538,SHTP-0163
300384,300384,300384,27.7,0.016538,SHTP-0163
300385,300385,300385,41.55,0.016538,SHTP-0163
300386,300386,300386,146.5,0.025639,SHTP-0163
300387,300387,300387,2.65,0.01134,SHTP-0163
300388,300388,300388,10.1,0.013006,SHTP-0163
300389,300389,300389,10.1,0.013006,SHTP-0163
300390,300390,300390,18.55,0.009653,SHTP-0163
300391,300391,300391,10.1,0.013006,SHTP-0163
300392,300392,300392,10.6,0.009653,SHTP-0163
300393,300393,300393,13.25,0.009653,SHTP-0163
300394,300394,300394,26.5,0.01134,SHTP-0566
300395,300395,300395,104.1204861,0.016796,SHTP-0644
300396,300396,300396,7.95,0.01134,SHTP-0052
300397,300397,300397,8.18,0.016095,SHTP-0052
300398,300398,300398,5.3,0.005429,SHTP-0052
300399,300399,300399,10.6,0.009653,SHTP-0046
300400,300400,300400,5.05,0.013006,SHTP-0046
300401,300401,300401,5.3,0.005429,SHTP-0052
300402,300402,300402,55.4,0.016538,SHTP-0052
300403,300403,300403,41.55,0.016538,SHTP-0840
300404,300404,300404,5.434,0.010583,SHTP-0840
300405,300405,300405,8.31,0.016538,SHTP-0840
300406,300406,300406,22.16,0.016538,SHTP-0840
300407,300407,300407,2.65,0.009653,SHTP-0840
300408,300408,300408,2.65,0.005429,SHTP-0840
300409,300409,300409,4.09,0.016095,SHTP-0840
300410,300410,300410,2.65,0.009653,SHTP-0840
300411,300411,300411,2.65,0.009653,SHTP-0840
300412,300412,300412,2.65,0.009653,SHTP-0840
300413,300413,300413,2.65,0.009653,SHTP-0840
300414,300414,300414,4.09,0.016095,SHTP-0840
300415,300415,300415,4.09,0.016095,SHTP-0840
300416,300416,300416,56.25,0.021528,SHTP-0840
300417,300417,300417,56.25,0.021528,SHTP-0840
300432,300432,300432,5.3,0.005429,SHTP-0051
300433,300433,300433,10.1,0.013006,SHTP-0051
300434,300434,300434,8.31,0.016538,SHTP-0051
300435,300435,300435,5.3,0.009653,SHTP-0051
300436,300436,300436,5.3,0.009653,SHTP-0051
300437,300437,300437,13.85,0.016538,SHTP-0051
300438,300438,300438,10.6,0.01134,SHTP-0051
300439,300439,300439,7.95,0.009653,SHTP-0051
300440,300440,300440,4.09,0.016095,SHTP-0051
300441,300441,300441,73.25,0.025639,SHTP-0051
300485,300485,300485,11.08,0.016538,SHTP-0852
300486,300486,300486,11.08,0.016538,SHTP-0852
300487,300487,300487,5.3,0.009653,SHTP-0009
300488,300488,300488,102.8,0.022134,SHTP-0055
300489,300489,300489,10.1,0.013006,SHTP-0055
300490,300490,300490,2.65,0.01134,SHTP-0055
300491,300491,300491,2.65,0.009653,SHTP-0055
300492,300492,300492,2.65,0.009653,SHTP-0055
300493,300493,300493,5.54,0.016538,SHTP-0055
300504,300504,300504,3.85,0.006503,SHTP-0760
300505,300505,300505,5.3,0.009653,SHTP-0760
300506,300506,300506,2.65,0.005429,SHTP-0760
300507,300507,300507,5.3,0.009653,SHTP-0760
300508,300508,300508,5.3,0.009653,SHTP-0760
300509,300509,300509,3.85,0.006503,SHTP-0760
300510,300510,300510,4.09,0.016095,SHTP-0760
300511,300511,300511,13.25,0.01134,SHTP-0760
300512,300512,300512,4.09,0.016095,SHTP-0760
300513,300513,300513,14.65,0.025639,SHTP-0760
300514,300514,300514,5.54,0.016538,SHTP-0760
300515,300515,300515,8.31,0.016538,SHTP-0760
300516,300516,300516,16.62,0.016538,SHTP-0760
300517,300517,300517,5.146,0.007812,SHTP-0760
300518,300518,300518,13.25,0.009653,SHTP-0782
300519,300519,300519,10.6,0.01134,SHTP-0055
300520,300520,300520,5.3,0.005429,SHTP-0055
300521,300521,300521,154.2,0.022134,SHTP-0055
300522,300522,300522,43.95,0.025639,SHTP-0055
300523,300523,300523,12.85,0.022134,SHTP-0062
300524,300524,300524,18.75,0.021528,SHTP-0062
300525,300525,300525,18.75,0.021528,SHTP-0062
300526,300526,300526,5.3,0.01134,SHTP-0062
300527,300527,300527,11.08,0.016538,SHTP-0062
300528,300528,300528,43.95,0.025639,SHTP-0062
300529,300529,300529,30.47,0.016538,SHTP-0062
300530,300530,300530,2.77,0.016538,SHTP-0062
300531,300531,300531,2.77,0.016538,SHTP-0062
300544,300544,300544,24.93,0.016538,SHTP-0009
300545,300545,300545,2.65,0.01134,SHTP-0009
300546,300546,300546,12.85,0.022134,SHTP-0009
300547,300547,300547,29.3,0.025639,SHTP-0009
300548,300548,300548,24.93,0.016538,SHTP-0009
300549,300549,300549,12.85,0.022134,SHTP-0009
300550,300550,300550,2.65,0.009653,SHTP-0009
300551,300551,300551,15.9,0.01134,SHTP-0081
300552,300552,300552,10.1,0.013006,SHTP-0081
300553,300553,300553,10.6,0.009653,SHTP-0081
300554,300554,300554,1.0225,0.016095,SHTP-0033
300555,300555,300555,13.85,0.016538,SHTP-0033
300556,300556,300556,5.3,0.009653,SHTP-0033
300557,300557,300557,5.05,0.013006,SHTP-0033
300562,300562,300562,102.49,0.016538,SHTP-0044
300563,300563,300563,60.94,0.016538,SHTP-0044
300564,300564,300564,10.6,0.009653,SHTP-0081
300565,300565,300565,2.65,0.01134,SHTP-0081
300566,300566,300566,27.17,0.010583,SHTP-0081
300567,300567,300567,10.1,0.013006,SHTP-0081
300568,300568,300568,2.65,0.005429,SHTP-0033
300569,300569,300569,146.5,0.025639,SHTP-0033
300570,300570,300570,5.05,0.013006,SHTP-0033
300571,300571,300571,7.95,0.01134,SHTP-0713
300572,300572,300572,7.95,0.01134,SHTP-0713
300573,300573,300573,5.3,0.009653,SHTP-0713
300574,300574,300574,5.3,0.009653,SHTP-0713
300575,300575,300575,5.3,0.005429,SHTP-0713
300576,300576,300576,12.85,0.022134,SHTP-0713
300577,300577,300577,10.868,0.010583,SHTP-0713
300578,300578,300578,15.438,0.007812,SHTP-0657
300579,300579,300579,41.55,0.016538,SHTP-0657
300580,300580,300580,10.6,0.009653,SHTP-0032
300581,300581,300581,5.3,0.009653,SHTP-0032
300582,300582,300582,10.1,0.013006,SHTP-0032
300583,300583,300583,10.1,0.013006,SHTP-0032
300584,300584,300584,5.05,0.013006,SHTP-0033
300585,300585,300585,1.0225,0.016095,SHTP-0033
300586,300586,300586,10.292,0.007812,SHTP-0713
300587,300587,300587,10.6,0.009653,SHTP-0713
300588,300588,300588,10.6,0.009653,SHTP-0713
300589,300589,300589,7.95,0.009653,SHTP-0713
300590,300590,300590,7.95,0.009653,SHTP-0713
300591,300591,300591,11.08,0.016538,SHTP-0800
300592,300592,300592,22.16,0.016538,SHTP-0657
300593,300593,300593,16.302,0.010583,SHTP-0657
300594,300594,300594,5.3,0.005429,SHTP-0049
300595,300595,300595,5.3,0.009653,SHTP-0049
300596,300596,300596,10.1,0.013006,SHTP-0032
300597,300597,300597,10.1,0.013006,SHTP-0032
300598,300598,300598,16.62,0.016538,SHTP-0032
300599,300599,300599,16.62,0.016538,SHTP-0032
300600,300600,300600,81.25,0.021528,SHTP-0073
300601,300601,300601,10.1,0.013006,SHTP-0073
300602,300602,300602,41.55,0.016538,SHTP-0073
300603,300603,300603,87.5,0.021528,SHTP-0073
300604,300604,300604,5.3,0.01134,SHTP-0073
300605,300605,300605,10.6,0.009653,SHTP-0800
300606,300606,300606,31.25,0.021528,SHTP-0800
300607,300607,300607,31.25,0.021528,SHTP-0800
300608,300608,300608,5.3,0.009653,SHTP-0800
300609,300609,300609,5.3,0.009653,SHTP-0800
300610,300610,300610,10.6,0.009653,SHTP-0800
300611,300611,300611,14.65,0.025639,SHTP-0800
300612,300612,300612,5.3,0.009653,SHTP-0049
300613,300613,300613,29.3,0.025639,SHTP-0049
300614,300614,300614,55.4,0.016538,SHTP-0049
300615,300615,300615,27.7,0.016538,SHTP-0049
300616,300616,300616,21.736,0.010583,SHTP-0032
300617,300617,300617,13.25,0.009653,SHTP-0032
300618,300618,300618,13.25,0.009653,SHTP-0032
300619,300619,300619,7.95,0.009653,SHTP-0032
300620,300620,300620,2.65,0.009653,SHTP-0032
300621,300621,300621,8.31,0.016538,SHTP-0032
300622,300622,300622,2.65,0.01134,SHTP-0073
300623,300623,300623,5.05,0.013006,SHTP-0073
300624,300624,300624,23.85,0.009653,SHTP-0073
300625,300625,300625,16.302,0.010583,SHTP-0033
300626,300626,300626,1.0225,0.016095,SHTP-0033
300629,300629,300629,19.25,0.006503,SHTP-0307
300630,300630,300630,3.975,0.01134,SHTP-0307
300631,300631,300631,6.25,0.021528,SHTP-0307
300632,300632,300632,12.85,0.022134,SHTP-0044
300633,300633,300633,62.5,0.021528,SHTP-0040
300634,300634,300634,62.5,0.021528,SHTP-0040
300635,300635,300635,73.25,0.025639,SHTP-0032
300636,300636,300636,73.25,0.025639,SHTP-0081
300637,300637,300637,22.16,0.016538,SHTP-0033
300638,300638,300638,24.93,0.016538,SHTP-0033
300639,300639,300639,5.3,0.009653,SHTP-0033
300640,300640,300640,5.05,0.013006,SHTP-0033
300644,300644,300644,28.875,0.006503,SHTP-0307
300645,300645,300645,10.1,0.013006,SHTP-0307
300646,300646,300646,7.575,0.013006,SHTP-0307
300647,300647,300647,12.625,0.013006,SHTP-0307
300648,300648,300648,13.21,0.016796,SHTP-0307
300649,300649,300649,25.73,0.007812,SHTP-0112
300650,300650,300650,2.375,0.007125,SHTP-0112
300651,300651,300651,44.32,0.016538,SHTP-0657
300652,300652,300652,131.85,0.025639,SHTP-0657
300653,300653,300653,64.25,0.022134,SHTP-0040
300654,300654,300654,2.65,0.005429,SHTP-0032
300655,300655,300655,2.045,0.016095,SHTP-0032
300656,300656,300656,2.045,0.016095,SHTP-0032
300657,300657,300657,4.09,0.016095,SHTP-0032
300658,300658,300658,4.09,0.016095,SHTP-0032
300666,300666,300666,55.4,0.016538,SHTP-0031
300667,300667,300667,41.55,0.016538,SHTP-0031
300668,300668,300668,13.85,0.016538,SHTP-0031
300669,300669,300669,73.25,0.025639,SHTP-0031
300670,300670,300670,12.85,0.022134,SHTP-0713
300671,300671,300671,51.4,0.022134,SHTP-0040
300672,300672,300672,27.7,0.016538,SHTP-0040
300673,300673,300673,22.16,0.016538,SHTP-0040
300674,300674,300674,5.05,0.013006,SHTP-0040
300675,300675,300675,10.6,0.009653,SHTP-0032
300679,300679,300679,69.25,0.016538,SHTP-0850
300680,300680,300680,85.87,0.016538,SHTP-0850
300681,300681,300681,7.95,0.009653,SHTP-0850
300682,300682,300682,7.95,0.009653,SHTP-0850
300683,300683,300683,12.5,0.021528,SHTP-0850
300684,300684,300684,18.75,0.021528,SHTP-0850
300685,300685,300685,12.85,0.022134,SHTP-0713
300686,300686,300686,55.4,0.016538,SHTP-0713
300687,300687,300687,27.7,0.016538,SHTP-0713
300688,300688,300688,12.85,0.022134,SHTP-0713
300689,300689,300689,2.65,0.01134,SHTP-0040
300690,300690,300690,22.16,0.016538,SHTP-0040
300691,300691,300691,117.2,0.025639,SHTP-0040
300692,300692,300692,4.09,0.016095,SHTP-0040
300695,300695,300695,49.86,0.016538,SHTP-0026
300696,300696,300696,25.7,0.022134,SHTP-0026
300697,300697,300697,7.95,0.009653,SHTP-0850
300702,300702,300702,83.1,0.016538,SHTP-0782
300703,300703,300703,146.5,0.025639,SHTP-0782
300704,300704,300704,13.85,0.016538,SHTP-0782
300705,300705,300705,5.3,0.00837,SHTP-0782
300706,300706,300706,4.09,0.016095,SHTP-0040
300707,300707,300707,4.09,0.016095,SHTP-0040
300708,300708,300708,4.09,0.016095,SHTP-0040
300709,300709,300709,13.25,0.009653,SHTP-0040
300710,300710,300710,77.1,0.022134,SHTP-0026
300711,300711,300711,49.86,0.016538,SHTP-0026
300716,300716,300716,15.9,0.009653,SHTP-0073
300717,300717,300717,15.15,0.013006,SHTP-0782
300718,300718,300718,13.25,0.009653,SHTP-0782
300719,300719,300719,4.09,0.016095,SHTP-0760
300720,300720,300720,5.3,0.01134,SHTP-0040
300721,300721,300721,10.6,0.01134,SHTP-0040
300722,300722,300722,2.65,0.005429,SHTP-0081
300723,300723,300723,13.85,0.016538,SHTP-0081
300724,300724,300724,36.01,0.016538,SHTP-0073
300725,300725,300725,5.05,0.013006,SHTP-0073
300732,300732,300732,4.09,0.016095,SHTP-0760
300733,300733,300733,5.3,0.009653,SHTP-0760
300734,300734,300734,27.17,0.010583,SHTP-0797
300735,300735,300735,264.2,0.033592,SHTP-0797
300736,300736,300736,55.4,0.016538,SHTP-0797
300737,300737,300737,41.55,0.016538,SHTP-0797
300738,300738,300738,15.9,0.009653,SHTP-0081
300739,300739,300739,10.6,0.009653,SHTP-0081
300740,300740,300740,13.85,0.016538,SHTP-0046
300741,300741,300741,87.9,0.025639,SHTP-0046
300752,300752,300752,10.6,0.009653,SHTP-0081
300753,300753,300753,13.25,0.009653,SHTP-0040
300754,300754,300754,10.6,0.009653,SHTP-0040
300755,300755,300755,10.6,0.009653,SHTP-0040
300756,300756,300756,41.55,0.016538,SHTP-0046
300757,300757,300757,25.7,0.022134,SHTP-0046
300758,300758,300758,24.93,0.016538,SHTP-0046
300759,300759,300759,10.868,0.010583,SHTP-0046
300766,300766,300766,27.7,0.016538,SHTP-0695
300767,300767,300767,5.3,0.009653,SHTP-0040
300768,300768,300768,5.3,0.009653,SHTP-0040
300778,300778,300778,89.95,0.022134,SHTP-0695
300779,300779,300779,51.4,0.022134,SHTP-0695
300780,300780,300780,264.2,0.033592,SHTP-0040
300781,300781,300781,13.85,0.016538,SHTP-0081
300782,300782,300782,55.4,0.016538,SHTP-0081
300787,300787,300787,2.65,0.005429,SHTP-0033
300794,300794,300794,31.25,0.021528,SHTP-0044
300795,300795,300795,31.25,0.021528,SHTP-0044
300796,300796,300796,7.95,0.01134,SHTP-0044
300797,300797,300797,5.05,0.013006,SHTP-0044
300798,300798,300798,13.25,0.009653,SHTP-0044
300799,300799,300799,25.73,0.007812,SHTP-0081
300800,300800,300800,10.1,0.013006,SHTP-0081
300801,300801,300801,10.1,0.013006,SHTP-0081
300811,300811,300811,1.0225,0.016095,SHTP-0033
300822,300822,300822,13.25,0.009653,SHTP-0044
300823,300823,300823,10.6,0.009653,SHTP-0044
300824,300824,300824,13.25,0.009653,SHTP-0044
300825,300825,300825,27.7,0.016538,SHTP-0044
300826,300826,300826,146.5,0.025639,SHTP-0044
300827,300827,300827,5.05,0.013006,SHTP-0307
300828,300828,300828,31.7,0.0162,SHTP-0307
300829,300829,300829,14.65,0.025639,SHTP-0307
300830,300830,300830,13.21,0.016796,SHTP-0307
300831,300831,300831,51.4,0.022134,SHTP-0307
300832,300832,300832,6.625,0.009653,SHTP-0307
300833,300833,300833,16.36,0.016095,SHTP-0307
300834,300834,300834,19.25,0.006503,SHTP-0307
300835,300835,300835,19.25,0.006503,SHTP-0307
300836,300836,300836,64.25,0.022134,SHTP-0307
300837,300837,300837,3.975,0.01134,SHTP-0307
300838,300838,300838,30.3,0.013006,SHTP-0307
300839,300839,300839,5.1125,0.016095,SHTP-0307
300840,300840,300840,12.27,0.016095,SHTP-0307
300841,300841,300841,16.36,0.016095,SHTP-0307
300842,300842,300842,1.325,0.009653,SHTP-0307
300843,300843,300843,3.975,0.01134,SHTP-0307
300844,300844,300844,5.3,0.009653,SHTP-0307
300845,300845,300845,6.625,0.01134,SHTP-0307
300846,300846,300846,10.6,0.009653,SHTP-0307
300847,300847,300847,2.65,0.009653,SHTP-0307
300848,300848,300848,7.95,0.009653,SHTP-0307
300849,300849,300849,10.225,0.016095,SHTP-0307
300850,300850,300850,23.1,0.006503,SHTP-0307
300851,300851,300851,15.4,0.006503,SHTP-0307
